Code;Vetis-GUID;Vetis-UUID;name-ru;name-en
43;933312a8-dc11-43ee-9daa-abb240bf9e3f;118124c8-ace0-44e1-b212-ee10dd5c1cdc;Мешок большой для крупноразмерных навалочных грузов;Bag, super bulk
44;;;Мешок полиэтиленовый;Bag, polybag
1A;02f1c682-8f53-47f8-b8dc-72404d986e66;9ddf31ea-9c4b-499b-81a5-417a13510ab7;Барабан стальной;Drum, steel
1B;ed90911b-d130-4d3b-ae0b-2f0754d23fd4;db0c6b94-55b0-4513-b93d-3e002bb25633;Барабан, алюминиевый;Drum, aluminium
1D;e5f7f98d-6a9c-4866-8cac-4819f71e41b3;a091c309-5510-4665-8f97-711adba75fac;Барабан фанерный;Drum, plywood
1F;0239b3d5-ec19-498f-9379-013e4df8c882;37b0901a-8898-4b3d-91b6-b1fedea95677;Контейнер, гибкий;Container, flexible
1G;6bf25be3-0cf7-4dd8-a383-049a02862968;c797d606-3c58-45e2-bae1-43eb721ef85d;Барабан фибровый;Drum, fibre
1W;0ef53349-5258-4efc-ac2a-23d1e33f387b;808742a1-03e3-463f-9dac-e7da65910f19;Барабан, деревянный;Drum, wooden
2C;5623e14a-903b-48e4-8afa-07db65991173;db331559-de47-4e2f-b9ff-14e162d79aa5;Бочка (емкостью около 164 л) деревянная;Barrel, wooden
3A;315646b0-01b2-4728-ab20-39911b080c26;018450a1-9dab-4faf-9e07-5397be1a40e2;Канистра, стальная;Jerrycan, steel
3H;12829e8e-7983-4745-8d01-5425d0244df6;b7fe7ffe-c6e3-4a5b-8b15-fbd0e8e50cba;Канистра, пластмассовая;Jerrycan, plastic
4A;9c0e3d26-e6c5-4b8e-bb47-0a4ecf8867a3;854a33cf-19d9-4bbc-8c88-350cad781fd0;Коробка, стальная;Box, steel
4B;56e38905-209b-43cc-ac8f-3657f5ec2bdc;19c925cc-a9cc-46e5-9771-5c8dae149a60;Коробка, алюминиевая;Box, aluminium
4C;89f4e420-504e-4b2e-9291-ae483d7e9bdd;994a8889-5c05-4693-89d1-69606ed78613;Коробка из естественной древесины;Box, natural wood
4D;2c76df5b-bdf1-4c36-b136-41240961deb0;3193c03c-6297-4ceb-a9aa-9fdc74c953e9;Коробка, фанерная;Box, plywood
4F;9f0f9e11-cce0-4484-9a50-bc4fed7ee1e9;c33d8f66-329b-429f-bbf1-885375171bf1;Коробка из древесного материала;Box, reconstituted wood
4G;aa308c04-0fe0-4a87-ab8c-7527b3f261f4;c47d8362-0dfd-4d50-8914-70ef847171dd;Коробка из фибрового картона;Box, fibreboard
4H;dae4571f-d2e8-11e4-8109-d89d67148660;e7d21776-e30d-471a-9d84-f8dc9d2cf0e2;Коробка, пластмассовая;Box, plastic
5H;fedf4616-053c-11e1-99b4-d8d385fbc9e8;0b7450bf-b01f-4908-8e0e-967df80303ec;Мешок из полимерной ткани;Bag, woven plastic
5L;f8296670-1b9b-42fa-9e29-76dc5ba0a8c0;5cf1481f-09b1-4b1b-a7c2-229817ebb324;Мешок текстильный;Bag, textile
5M;fedf5e80-053c-11e1-99b4-d8d385fbc9e8;53e6fc67-14de-4ccc-bf68-a85cbffe385d;Мешок, бумажный;Bag, paper
6H;d0416c04-368d-48bf-b5fb-d3fe21f3977c;1343c3ad-605f-4734-a94f-61b2e756e6af;Комбинированная упаковка: пластмассовый сосуд;Composite packaging, plastic receptacle
6P;380c561e-749a-4408-88de-ad5399c8a53f;fc68e8a2-415c-48c6-9cc3-724ab15c528d;Комбинированная упаковка: стеклянный сосуд;Composite packaging, glass receptacle
7A;563fadd5-faa2-4d28-9139-1f23e08ae0af;e7bef380-e105-4ba0-9798-4d8d2a19d910;Ящик автомобильный;Case, car
7B;61079f21-ef62-44bc-97a7-817029f4d251;09e0730d-ab9a-4278-a737-7062e10627da;Ящик деревянный;Case, wooden
8A;d520e4b3-dd9b-4f34-9148-ccac220b9c84;2c0b2022-45bd-4218-9a67-617278d36cbe;Поддон деревянный;Pallet, wooden
8B;3d01bd9f-6629-4ec1-9ebe-532d82379a14;1aa4dc95-1b4a-4845-b4ea-61458039520c;Ящик деревянный;Crate, wooden
8C;aeba3537-a7ed-4c11-8cfc-a05de5280f73;342f6a4b-186c-439b-b551-353d338ecefa;Пачка деревянная;Bundle, wooden
AA;5cea30bc-bd13-4c2a-af79-90a2e1804b07;bab6db9b-b979-43e1-868c-f3e95d38efea;Контейнер средней грузоподъемности для массовых грузов из жесткой пластмассы;Intermediate bulk container, rigid plastic
AB;ef542239-f46a-4552-a332-db330f73b646;752a47c5-5c6d-46e3-b2c9-255ebca7d924;Сосуд, фибровый;Receptacle, fibre
AC;bc592630-266f-425c-be8b-911425c04ccf;89c8f356-f0a2-4075-99a0-d73edc1b45a4;Сосуд, бумажный;Receptacle, paper
AD;a7a51764-3c6d-4dec-997d-c5b08d8e2d74;e29910b0-8439-4705-85d0-a5c1d71ec652;Сосуд, деревянный;Receptacle, wooden
AE;975160ee-6cb0-4501-a821-9e3574f09446;d14a94a6-2cda-420c-89a9-328951176011;Аэрозольная упаковка;Aerosol
AF;d1d65e12-85c6-4492-8407-de44d792ac1f;54502d23-7eb7-4791-9b37-64c332059744;Поддон модульный с обечайкой 80 x 60 см;Pallet, modular, collars 80 cm x 60 cm
AG;280069cf-3cff-4cb3-a96d-5632944e3f9c;9610cbe3-64c9-447a-ba49-03e3f2aacc66;Поддон в термоусадочной пленке;Pallet, shrink-wrapped
AH;83ee9a1e-5c1c-438b-bb63-48ed654e63ef;d1050bd2-18f5-48b9-9293-bd96b4a8a97b;Поддон 100 x 110 см;Pallet, 100 cm x 110 cm
AI;668e236b-70b0-4afc-8ab3-3fb9335f909e;833297b2-cb98-4881-9ec6-0714343c21a6;Грейферный ковш;Clamshell
AJ;5444b894-aa2b-456f-aa27-e1f470568338;a489e021-f21e-4745-b0bd-b665d5fdda67;Кулек;Cone
AL;62f322c4-ce6d-4584-ba3f-4c771406f54d;2f67ae02-b72a-4c49-93f9-73c5aa26c0c9;Шар;Ball
AM;1f9a9273-be63-4e4b-b29b-dfee1f0da370;752c6b66-c342-47c0-9fed-dd9a204d5332;Ампула, незащищенная;Ampoule, non-protected
AP;5ad138ef-2493-4117-bf83-b76e4e5f609d;a1798e88-54f2-4cab-ac60-6c075fcce19f;Ампула, защищенная;Ampoule, protected
AT;c91b91dc-6dff-49f6-90eb-19824f81b675;aeac6265-cf9e-458a-9a62-e506bb7814af;Пульверизатор;Atomizer
AV;8bcdee71-cca5-4536-ae2e-8a423d7dab60;ab91d666-6070-472b-b1e9-2c233efc9a8b;Капсула;Capsule
B4;62120ab7-da8c-46f5-8d06-8cb3f9376a13;909d39f7-20f2-4af7-8c5a-2a0261c884ac;Лента;Belt
BA;3630beae-fe03-49ff-9264-93925ca7ce80;3481b7ad-7f3b-451b-80c6-b32b14faa5b5;Бочка (емкостью около 164 л);Barrel
BB;41e9ff79-b6c4-46e7-a2d4-6f5bf3ee1002;5e80ee1e-5ce8-4fde-ad0c-b81f0ac91f86;Бобина;Bobbin
BC;fe47d256-3d2b-4460-87e3-349ee65f6ac0;dcdae168-7b0f-4ba0-9495-953e2ceb86c7;Ящик решетчатый для бутылок;Bottlecrate/bottlerack
BD;b8d3ee58-c120-4c4e-bd31-0e1d3451f5de;65064eae-e4fc-401d-9d83-b6acdcac8fb0;Доска;Board
BE;f0b0ec9b-8341-4e95-bc0e-80898be598cb;a7363144-e6a0-4af0-832f-0d403fdeb761;Пакет (пачка/связка);Bundle
BF;49e8e70e-e539-4ce1-8d20-5a49ae276f77;c54dcb58-3197-4400-8ab1-13d4da58bcd4;Баллон, незащищенный;Balloon, non-protected
BG;fedf451c-053c-11e1-99b4-d8d385fbc9e8;8333c895-52bc-46d8-9983-c6ea88a10392;Мешок;Bag
BH;63c5ba04-a314-4d41-9a0f-d328fba0144a;8f22b03a-f3ee-481c-9821-d5f005b66bcd;Пачка (пакет/связка);Bunch
BI;d2ed24d1-c72a-4dc6-b3a8-ff8ca179c5c4;bf8357f5-ba69-4e70-8ec5-4fe6fe72e4c8;Бункер;Bin
BJ;0f4cc0b5-af48-4571-a06b-96504ec89012;22eb54ac-885b-4c6a-a2cb-aedd8150de47;Бадья;Bucket
BK;fedf5cb4-053c-11e1-99b4-d8d385fbc9e8;bca67915-cbd5-4c28-8334-5e965fdf0753;Корзина;Basket
BL;90ae449d-76c3-47a2-a0ec-39febdc0c965;417e2161-637b-4ca2-bc63-f37395e33b0b;Кипа, спрессованная;Bale, compressed
BM;6eb46a7f-f1c0-49fd-b38c-47c8177aa9e1;e88d316c-b516-4d6b-a5b8-ea8981a087cb;Чан;Basin
BN;31ff0ebc-8b93-4ab4-9e6f-04dcab641eb2;69a0a352-2eba-462a-aee7-9be669fa4081;Кипа, неспрессованная;Bale, non-compressed
BO;1b986c7e-dcff-452f-b9c5-bc47afa6ccdc;99f619de-c036-4cc8-be25-8637a2b3a221;Бутылка цилиндрическая незащищенная;Bottle, non-protected, cylindrical
BP;0fdf7f98-6595-480b-8988-5544d8ff40b3;8393e5be-0e6f-4a36-a70d-408a6a9e32a9;Баллон, защищенный;Balloon, protected
BQ;9adfe441-f411-4fcc-9568-8274ec2a0697;c5475a8a-e3f1-4f8c-bfd4-ae4735e72713;Бутылка цилиндрическая защищенная;Bottle, protected cylindrical
BR;0ed01082-9c8e-49fa-8ba4-a91879d4b192;2c56f044-9d6a-496c-b12f-fef8062e5ecc;Брус (брусок);Bar
BS;883a32f4-984e-43c1-8e03-ad02929cbfe4;b5e0456a-1c06-4cf2-a2c6-1c13696a031c;Бутылка с выпуклыми стенками незащищенная;Bottle, non-protected, bulbous
BT;2d523fde-44a2-4c21-891b-4bccdcb1a33e;90c0b093-c941-401f-a6a1-30057af63d14;Рулон (обивочного или настилочного материала);Bolt
BU;c8066a6e-5f19-4429-85e1-9b2df548afa1;411f9741-2161-43e7-9857-0a44b7955847;Бочка для вина или пива;Butt
BV;f7183d0a-5cee-4de8-9d08-bd5c7512ea7c;d273b7da-7db1-4785-87b4-fa9864a742d3;Бутылка с выпуклыми стенками защищенная;Bottle, protected bulbous
BW;77b8f79a-6a69-4b4f-b0b2-a8a9f0f4ca12;20bd4991-6c3a-4f5d-a7f2-fcc61bff3a87;Коробка для жидкостей;Box, for liquids
BX;fedf5ad4-053c-11e1-99b4-d8d385fbc9e8;cc459b06-52e6-4283-be12-585e47f315dd;Коробка;Box
BY;c84cb473-a0cc-4433-8b56-c7beb88fc59b;4f6d1357-a57d-44df-aa0e-d22d6e7daf59;Доска в пакете/пачке/связке;Board, in bundle/bunch/truss
BZ;086a3064-ab16-4d38-a7fa-3a28ee66b58b;3be96376-0920-4eb7-aafa-7632b323153c;Брус (брусок) в пакете/пачке/связке;Bars, in bundle/bunch/truss
CA;0cc66f67-3111-4e77-9dcc-c9a9df725bed;24383fcc-5151-4c54-9342-2dc6194a1a3f;Банка (емкостью менее 5 л) жестяная прямоугольная;Can, rectangular
CB;9e2b9bfb-8f54-4a66-ad38-d650ca479e44;4e948220-a235-41ab-a060-1783b3344ddc;Ящик решетчатый для пива;Crate, beer
CC;34e245a7-cd7c-4d8b-a436-482dcbcf1f38;8eb7fa55-7b61-4880-8100-dc8d907425a3;Бидон;Churn
CD;18a67ab0-21a3-4e8c-9058-d8f42820938d;8a867654-c0cf-473f-b889-e1c56ecff4da;Банка (емкостью менее 5 л) жестяная с ручкой и выпускным отверстием;Can, with handle and spout
CE;e3c233ff-30d4-4ee1-89ac-c19062f1a09d;22df4640-913c-4eda-878c-754fe60ca3fa;Корзина, рыбацкая;Creel
CF;890d2d2d-9ed5-40a5-8d6f-bad8546bfee4;a024cfe7-d8f9-43a0-9819-6686c679f2de;Кофр;Coffer
CG;6da6c216-abc1-4534-825c-821a41b2dbc2;186f1a9c-c1ee-487c-b3a8-0d6baa6b446d;Клеть;Cage
CH;ed6ec9a4-fb93-420a-9e1d-884aa58849c4;a49e179e-cc77-4798-a608-dc21e834178b;Сундук;Chest
CI;91f360ff-5731-4c1c-bf11-7ea3d6d1a3ca;1fafa987-5e45-4d98-9e29-12caea323ea1;Банка жестяная для сухих продуктов (массой до 2,2 кг);Canister
CJ;17f78e53-8978-4b58-9be5-d919c049a239;4aadf738-c12f-4845-94ec-1f6f38df8a89;Гроб;Coffin
CK;fedf412a-053c-11e1-99b4-d8d385fbc9e8;6548a901-8c41-456d-82fd-f4f6808ec473;Бочка;Cask
CL;87cff419-7bd1-4a2a-b52e-3f6c358138c8;9f1dff8f-325c-42f0-a873-22ee33d74763;Бухта;Coil
CM;0f402761-1d53-45dc-9566-d709cd1ccb4d;4f1a8ccd-5e9e-4c75-82e0-e7f5202d0bec;Кардная лента;Card
CN;8f20bf8f-afd5-4e30-9e6b-b664f3973c16;c8589949-7aea-45f0-945b-c7a406c338e0;Контейнер, прочее транспортировочное оборудование, кроме поименованного;Container, not otherwise specified as transport equipment
CO;f8552b0c-1de2-4509-8de9-06284d01bdff;c8182b44-6b47-43ce-bf4e-86e5b538b12a;Бутыль оплетенная незащищенная;Carboy, non-protected
CP;fc881dea-5868-43ea-8b84-768aad44bc39;6e876337-5bd6-4649-ab3b-b44d84c2c3aa;Бутыль оплетенная защищенная;Carboy, protected
CQ;8211a6d5-11ea-4a5e-96dd-b52c3fe0a801;9e14f974-1006-4f9f-bc13-642697090e51;Кассета;Cartridge
CR;e2437340-c529-4655-9774-c61054d429a5;9bbc2877-2c64-47d3-9cd9-2aabd6b5fdfe;Ящик, решетчатый (или обрешетка);Crate
CS;bd8a4719-4595-4e82-a2e6-9ea20afcbf6e;4e002e2a-cb14-4b06-88f6-c017266a7ed3;Ящик;Case
CT;fedf4328-053c-11e1-99b4-d8d385fbc9e8;483400f6-eef8-4d94-bebe-9a6bbc5585e8;Коробка, картонная;Carton
CU;bfbecab2-acff-4791-8f4f-b03d435d00c8;94258f44-6bad-4376-a5b5-c025d99c4885;Чаша;Cup
CV;354aee98-06a3-4780-bc9a-00a57edd8ca7;199655ba-3bf7-4183-817b-a592fda4a2c1;Чехол;Cover
CW;4770cd27-c22b-4da6-bba5-c69dcd601b74;7c83a5f7-6d4f-4130-9f7c-86bc35c26f45;Клеть, роликовая;Cage, roll
CX;54ed0793-c32e-41c1-9321-608c1a224edc;1f61d7f8-e846-4f8e-8a3f-f95aea382539;Банка (емкостью менее 5 л) жестяная цилиндрическая;Can, cylindrical
CY;07c59e7c-4a8c-4035-8048-2847491c88ea;8e140d3a-f304-4d4c-b92f-1e9feb70f15e;Цилиндр;Cylinder
CZ;d9afec35-b224-404f-a3ff-74a0496c128d;acfc366e-06d3-40b1-bd31-db3528f05adc;Брезент;Canvas
DA;5fc55705-10dd-4071-a5ec-bd2337e98b95;21c0d24c-b301-4dd2-9bdf-1cb5a10b1d34;Ящик решетчатый (или обрешетка) многослойный пластмассовый;Crate, multiple layer, plastic
DB;aabbf190-ba1f-4611-8a97-6ce660a1dbc3;02da2f47-a032-4971-beea-5364df8acb9c;Ящик решетчатый (или обрешетка) многослойный деревянный;Crate, multiple layer, wooden
DC;f1a52766-b434-4e89-8440-60ba8df518c3;76b574e3-f95a-4adb-9be5-dd36661bb011;Ящик решетчатый (или обрешетка) многослойный картонный;Crate, multiple layer, cardboard
DG;09f4ec10-6101-4c3d-b57a-251aa11e7752;d1283209-c059-4f57-a4b2-573bcaa8e590;Клеть (многооборотная) Общего фонда транспортировочного оборудования EC;Cage, Commonwealth Handling Equipment Pool (CHEP)
DH;5a5960a3-121e-4da1-8437-130b3cbc55c6;e53f24ea-dd52-4e8b-b282-a8ee93d44679;Коробка (многооборотная) из Общего фонда транспортировочного оборудования ЕС, Еврокоробка;Box, Commonwealth Handling Equipment Pool (CHEP), Eurobox
DI;bbe136bd-0da4-42fd-800a-79435f4dd2c0;3e801607-351e-4654-8eb7-20e6f7ac99e4;Барабан, железный;Drum, iron
DJ;b654b00e-7601-408e-b059-783ab0371b35;afab7930-45df-4b87-9213-70270bd3b72a;Бутыль оплетенная большая (емкостью от 9 до 54 л) незащищенная;Demijohn, non-protected
DK;ebf8776f-0e3d-4aff-bc64-28fb6e93a6fb;b7f57644-e943-4b7e-a929-a130ca338d6d;Ящик решетчатый для массовых грузов картонный;Crate, bulk, cardboard
DL;7c4ea86f-477d-499e-b9b5-281c8d7cb2a5;8100ec3b-74c5-47e7-8ce9-0d7d60a076d9;Ящик решетчатый для массовых грузов пластмассовый;Crate, bulk, plastic
DM;e879ae24-cac7-4dd1-a0e5-1d433b3493ab;94b723d2-8a96-4c00-8d2c-5ca9cde6efc5;Ящик решетчатый для массовых грузов деревянный;Crate, bulk, wooden
DN;af4d4677-3ea7-46ba-9fe0-504ba81ebea7;4331bfb8-4a3e-41f8-be13-47fced880a9e;Дозатор;Dispenser
DP;3e311a74-00dd-4554-b656-748aa45cc069;c44c92da-0cab-4ed7-8695-91602d9e581a;Бутыль оплетенная большая (емкостью от 9 до 54 л) защищенная;Demijohn, protected
DR;13f13e66-adf4-431a-9cff-22cfd839047b;38be3857-eb77-4e45-aac3-bde2864b4aca;Барабан;Drum
DS;3614ce14-9970-453c-81df-9645c4c5fe2c;169160be-aaaa-40f6-b762-eba8772d693b;Лоток с одним настилом без покрытия пластмассовый;Tray, one layer no cover, plastic
DT;d5122def-d46e-4989-b845-9ed0754c2a07;bee467d2-2c1a-43cd-9541-5d350b029640;Лоток с одним настилом без покрытия деревянный;Tray, one layer no cover, wooden
DU;9c27dc4c-875d-4de5-af1f-d6d066e0d88f;1490af9f-ad7e-4514-9ba1-e361750b54ce;Лоток с одним настилом без покрытия полистироловый;Tray, one layer no cover, polystyrene
DV;b6b93b6c-286a-4c49-b646-bef408d4cf8b;2c2aa9c8-7ba8-4293-9183-c8120860074b;Лоток с одним настилом без покрытия картонный;Tray, one layer no cover, cardboard
DW;2834ba2d-8030-4b5d-8812-186ff267f89c;a6a7a4fd-95d6-4ac9-9041-6eab19564cdb;Лоток с двумя настилами без покрытия пластмассовый;Tray, two layers no cover, plastic tray
DX;a5c9db95-0858-401c-a0f8-f1e17f44c156;4eb0ddf2-fb23-4de9-bfb2-2ea35fd3ae79;Лоток с двумя настилами без покрытия деревянный;Tray, two layers no cover, wooden
DY;816aecc8-f89d-4bce-add3-bcea3782ebfa;d60f6822-014a-4cdb-a1d3-3071095b7e89;Лоток с двумя настилами без покрытия картонный;Tray, two layers no cover, cardboard
EC;501e2c46-d364-44f5-9f7f-c9697115e4fd;f9f004e3-ddcd-40ab-aa3c-8b92ccda99b4;Мешок, пластмассовый;Bag, plastic
ED;93266aa3-4642-4162-8155-01851a5c0811;6dc741c9-44a5-46f3-ba76-66cbac17e5fb;Ящик с поддоном;Case, with pallet base
EE;a106dd9b-f9ee-45d6-a4f7-d8c18a1c53ea;42513601-0221-403b-9aef-e23c8a66581a;Ящик с поддоном деревянный;Case, with pallet base, wooden
EF;dbb7a1d0-aa1f-4141-90e2-1db559dd20f7;395a6d37-d2ca-4ae2-b4af-b76ed722550b;Ящик с поддоном картонный;Case, with pallet base, cardboard
EG;215592ec-b08d-401b-800d-d36bda9ba0b5;7d36302b-8c40-4eb2-ac18-4bb257a7d6aa;Ящик с поддоном пластмассовый;Case, with pallet base, plastic
EH;4ad07608-39ee-4991-baac-9cd2bdb5b2b0;4565f1c2-3240-4508-b1da-995a7e42e0c0;Ящик с поддоном металлический;Case, with pallet base, metal
EI;a451a297-b510-48fc-8a31-a41e311a0d82;93075c71-f992-4819-bc30-a5b2b3974ab5;Ящик, изотермический;Case, isothermic
EN;3cb38979-51da-44a5-8bdc-8f549bb0aa68;f88ac7e2-3854-44ea-a221-0e0ce4c29e4b;Конверт;Envelope
FC;3ea227b5-df09-40c2-b802-8abd1427c73e;d3991117-ab9f-48f6-abce-09d762757405;Ящик решетчатый для фруктов;Crate, fruit
FD;c1444369-7a47-4e53-8e62-c33c290d73c2;4adbf919-b481-40a3-a6c4-745be2854950;Ящик решетчатый (или обрешетка) рамный;Crate, framed
FE;577431f6-7f08-4f20-af71-7ede3ac2a564;7b704255-7f4e-48b7-af82-0185a75028c8;Мягкий мешок, Гибкая цистерна;Flexitank, Flexibag
FI;8915e7eb-4f39-48aa-8171-7a629c95b69e;5de54132-e9d4-4755-9978-a32c57d83115;Бочонок (емкостью около 41 л);Firkin
FL;2ca9172d-edad-4d6f-a4b8-e4fbaae098cb;57e7a24c-329b-49cd-9967-499adf48c5c1;Фляга;Flask
FO;dbff7b51-2571-451e-bf15-66e2ceed2fcb;9199ff45-abab-4693-bf04-f5e3420ee15d;Сундучок;Footlocker
FP;c7ee807d-56a9-47c5-95d7-72021f303167;ad477afb-e10c-49a4-a379-1b1b96323328;Кассета с пленкой (фильмпак);Filmpack
FR;770d2025-1d5e-463a-82bc-ce7bceb3cc90;ea5f2444-4d08-4713-8eba-ceaaa1f7b014;Рама;Frame
FT;5d753d93-c512-4f55-8fc8-0c0f1461d6a0;fcf8b58e-b821-4ee0-b70d-d8ea59612cc9;Контейнер для пищевых продуктов;Foodtainer
FX;fdbf9ad8-68d8-49ee-814f-b7d76d806545;a446c3fc-b46a-4952-b4ce-11a8f685193f;Мешок, гибкий контейнер;Bag, flexible container
GB;6a10e7ae-b8ff-4249-a23d-1dec8128c4a1;de7013a8-5f50-4f18-b623-57378f44cf6a;Баллон, газовый;Bottle, gas
GI;bc29f22a-6086-4438-acd2-1f40a3b00a66;3a9a7ae7-6ed4-44ce-8554-8aa5fc085e1b;Балка;Girder
GL;4258d946-8f37-43ac-90c2-ab29814daaeb;211e77f3-b6c8-4dea-b8ee-92b13439f895;Контейнер, галлон;Container, gallon
GR;251a4096-c3d6-4b0c-8534-65b31d41f633;1a3e2fd8-997c-4f44-80e1-c9e3d3c58960;Сосуд, стеклянный;Receptacle, glass
GY;87da1e8c-2d92-4de6-8448-6ab233f3847e;feb7a5f8-39ca-4e39-a2a6-94c875dd75d6;Мешок из мешковины;Bag, gunny
GZ;491e8863-7850-4b06-8abc-52c09dd05d0d;f9f1091c-7980-4905-9a4e-4238c6830e8d;Балка в пакете/пачке/связке;Girders, in bundle/bunch/truss
HA;ecd94698-e572-4b54-91a8-54bccd9f5644;e8c11520-5d4f-4012-8436-14c4c2e90eaf;Корзина с ручкой, пластмассовая;Basket, with handle, plastic
HB;497050a3-b994-4ba4-badd-8b7fd98426ac;e96d6d80-345c-4f8a-a02d-fe5da4efe1ad;Корзина с ручкой из древесины;Basket, with handle, wooden
HC;02684a03-6f18-43d0-b79d-3ce05d562435;5382a208-5b38-492d-a582-0df8ab23d615;Корзина с ручкой, картонная;Basket, with handle, cardboard
HG;6583f8bf-8317-4ba4-bf4b-fafcd1d13bc1;c0b2a5f1-b570-4aec-8ed6-796d1faca271;Бочка емкостью 238 л (хогсхед);Hogshead
HN;fedf6240-053c-11e1-99b4-d8d385fbc9e8;9c777ffa-5cc7-439c-9e86-e92a36f52411;Крюк;Hanger
HR;4be2b716-28a4-4d33-8d3e-266ce1e34942;2d1c83f0-3067-4056-857d-4babf6663d91;Корзина с крышкой;Hamper
IA;b5dd6d4d-b99e-4245-8a92-abc119e1889f;53b0f397-182a-4df6-a005-c71974ee0c35;Упаковка демонстрационная деревянная;Package, display, wooden
IB;67129e5f-36d2-4397-8122-0c18747d2344;7a885b94-1aa5-4434-8547-1f999ff65ce1;Упаковка демонстрационная картонная;Package, display, cardboard
IC;dfe5cf21-dbc5-4f51-b7fd-ad45259f9677;362dec1c-1e08-4953-bc95-5921b1e007cd;Упаковка демонстрационная пластмассовая;Package, display, plastic
ID;add23067-88c7-4cc0-a251-8c67953d00ce;4dc7bc1e-91a5-4998-8724-2d3a7f77755a;Упаковка демонстрационная металлическая;Package, display, metal
IE;ec874c34-8d51-4e04-bd2c-9ec9642d1e0e;6c74b50c-8eae-4ae2-9a2d-9887044673c1;Упаковка, выставочная;Package, show
IF;9b0b180a-7cbb-4d9a-ba41-fd08b0eae3ba;f0ee662c-dd76-4914-9cda-10d3cdf70b7d;Упаковка, выпрессованная;Package, flow
IG;7ca4b4f3-fcac-4c00-8d7a-b258acaa97f0;0faef5db-a34e-450c-90b5-91ca369af18b;Упаковка в оберточной бумаге;Package, paper wrapped
IH;dd7c7ba0-dbc3-435d-94f7-5b758ca36898;6985abdd-7aba-4590-a345-f024c287a71b;Барабан, пластмассовый;Drum, plastic
IK;c2645eda-085d-4ae7-bfc2-641fc380ebae;3f12daba-8209-4ee9-95cb-7e84abc85533;Упаковка картонная с отверстиями для бутылок;Package, cardboard, with bottle grip-holes
IN;c954a839-e145-40f0-8945-de8e4faad748;22b956db-fd0c-4aff-9977-4a503828eb4e;Слиток;Ingot
IZ;29f1456b-e328-4f1b-b855-41eda829a9e1;dba6e871-d890-48d0-bbed-3a37d16049e9;Слитки в пакете/пачке/связке;Ingots, in bundle/bunch/truss
JB;fedf401c-053c-11e1-99b4-d8d385fbc9e8;7f83315d-47b7-4ac6-ad7a-a613c25b3d74;Мешок большой;Bag, jumbo
JC;a17e05ea-2fd6-485f-8db6-5aed1606f851;64b123f2-50c7-4714-926d-0a9c4d769c5f;Канистра, прямоугольная;Jerrican, rectangular
JG;548062b8-8f49-4fe2-8e93-d6c5103a9113;ff8ab3eb-0d8a-4a49-8388-a06f6a38e893;Кувшин, маленький;Jug
JR;c1f40234-bff1-42c8-8e19-d6cad7f00fce;052ac9af-5849-4fff-aa31-566ca7e07c5c;Банка широкогорлая (емкостью около 4,5 литров);Jar
JT;198ddc36-88da-4659-a5a6-d9acb8416d9d;c20292a4-9045-4465-87e4-8a38f4d7e6ad;Мешок, джутовый;Jute bag
JY;a7eb10cf-5a71-4cd2-97eb-c7369a407ccf;73a0cfed-91eb-44f4-8b2a-e0273b34687d;Канистра, цилиндрическая;Jerrican, cylindrical
KG;8fe0727a-b2ed-4040-9df5-a14e4ad7f6a8;1bb17069-0744-435a-a5ea-102211dc97f0;Бочонок (емкостью около 46 л);Keg
KI;d2aeda76-b593-42c6-b6b0-dc1c8338dc54;2bac187c-df46-48c8-a7a1-7e0d1610e535;Набор;Kit
LE;ec29a5a8-17fa-480c-a1d5-333a4411e393;7541a5af-90a4-4492-8523-c4b345504b3a;Багаж;Luggage
LG;07f35ce7-6d5a-49e7-a7e2-659b6cf74def;70157b1b-c036-42d9-b173-5ad267ad9c01;Бревно;Log
LT;d2612f44-ca2a-4146-986d-6650e6fe9194;47bdaa2c-06ba-41f5-9e3e-c591bac1834c;Грузовая партия (лот);Lot
LU;7c29a864-e469-4c64-89e7-153000939d61;7726f1f8-49fc-4707-8ccd-ec8a4bc0402c;Ящик;Lug
LV;2b91c7f0-2705-40a1-a180-64e20626a2a0;b9003509-a846-4f80-9c61-1432cd7b1a63;Короб деревянный (лифтван) размером около 220 см (длина) x 115 см (ширина) x 220 см (высота);Liftvan
LZ;0e0ccdf4-8779-4d65-84e2-d9e689314630;cdccf228-a3d8-43cf-a253-7a0a2196539e;Бревно в пакете/пачке/связке;Logs, in bundle/bunch/truss
MA;d8f7a02c-5076-41a2-9258-cca3427993b4;abd09b06-43b8-4c53-9ee5-c7948de099fd;Ящик металлический;Crate, metal
MB;6fddb358-43dd-4030-a1a7-a1a3c8c489ad;816f802e-dc90-40ab-ac45-12e92d78d370;Пакет бумажный многослойный;Bag, multiply
MC;dcf6eeb2-a0fd-4f1c-83db-7a85354a7c84;5912745b-400e-4a42-afe4-801d020145bf;Ящик решетчатый для молока;Crate, milk
ME;9ef6b142-22e7-4a1c-bc5f-7945dc5a654f;f937b0bb-321a-4bae-b848-ab8e808c8df1;Контейнер металлический;Container, metal
MR;0509b85d-01ca-4a62-bc40-283eff6ead2d;9529a3a1-e022-48b7-bfa5-1127056d9e40;Сосуд, металлический;Receptacle, metal
MS;a71f0123-63c4-440b-bce8-eb46d7a854e2;835f1611-a078-4155-b6ec-10fedb916e85;Мешок (куль) многослойный;Sack, multi-wall
MT;e806470b-dcf2-447e-8394-b4144b9138df;3b0ab8f3-71b6-4c5b-8c55-b65a7f0899aa;Мешок, рогожный;Mat
MW;322566af-9e46-4f63-bf22-041d4d2d9c58;ff9bbcaf-131f-4e2d-bbeb-d8b3b054e1b5;Сосуд с пластмассовым покрытием;Receptacle, plastic wrapped
MX;6bcddbae-2d7b-455c-83b3-6a65731d4e9f;fd6f5161-9b28-4f62-8b44-c052cc0bce66;Спичечный коробок;Matchbox
NA;0e254eeb-d882-425d-85cf-ae68b8e50980;32dfdafc-ea6b-4793-8b70-a8858e69ab50;Нет сведений;Not available
NE;fedf46fc-053c-11e1-99b4-d8d385fbc9e8;ef1ef7cb-5431-4fdc-a115-408ad072b2ba;Неупакованный или нерасфасованный;Unpacked or unpackaged
NF;2def57e9-6280-4d7d-8765-840aa86e45e1;5915ee6d-11ef-4f99-b482-59144bd4af1f;Неупакованный или нерасфасованный одноместный груз;Unpacked or unpackaged, single unit
NG;3fd40265-127d-4fc6-9999-1cdf62f25faf;c81af41c-cd40-4c24-9450-3d83106aed19;Неупакованный или нерасфасованный многоместный груз;Unpacked or unpackaged, multiple units
NS;a423d25a-2a14-40b8-bf13-f6a85b8fc887;9ab1e3cf-6e22-4e51-91c6-86553c4d763e;Гнездо (ячейка);Nest
NT;ed7372ee-8b55-4e69-aa90-956a68b836ae;5935f443-d63f-442a-80e3-1ef5bde58d32;Сетка;Net
NU;fe9cc400-101e-4dee-a90f-705c71bb560e;a9c7e4fc-ead1-4b9c-b29b-2eeae1de33f4;Сетка трубчатая пластмассовая;Net, tube, plastic
NV;1943c156-b96c-4b64-8935-dfd11e95d495;48e06d36-ea2c-4da3-92cc-9ea16de7ba0a;Сетка трубчатая текстильная;Net, tube, textile
OT;ed9473f1-647c-4dfc-8ac2-3cba09217165;425b861f-eaba-432f-8eb1-c00d35c84a1c;Октабин;Octabin
OU;d273dbfd-c8ed-4637-9ad2-5e40d7ecbf3a;a48d2f90-dac2-43f0-b61c-13e7616cd8b7;Контейнер наружный;Container, outer
P2;ea504ad8-c159-449f-a752-1ab2eecc8fe1;8cd9371b-8feb-4771-8a9a-4900141aa2ec;Лоток;Pan
PA;fedf48dc-053c-11e1-99b4-d8d385fbc9e8;415d0ff4-aa79-4f49-aaf5-4f29d1ea9b6b;Пакет;Packet
PB;d9d55e79-0ba6-4c11-9761-0e10dc1c6c8e;545e1086-b1cc-4161-94eb-236a3b233b9d;Поддон, ящичный;Pallet, box
PC;8a9c1190-aeeb-498d-8e80-5ddfbc3f7df2;a367dfab-fb7b-45c1-a8b3-bcaaa969b482;Бандероль;Parcel
PD;82286818-b97d-42ef-b5e2-d1a1ac1c18cf;9d624dfc-5f61-42fe-af58-5d7a70f5f3e7;Поддон модульный с обечайкой 80 x 100 см;Pallet, modular, collars 80 cm x 100 cm
PE;d79600b3-7498-4a9b-a873-d58fce2a667d;4bee32c3-c4d0-4ed2-9d06-2acf3d2de0c3;Поддон модульный с обечайкой 80 х 120 см;Pallet, modular, collars 80 cm x 120 cm
PF;25b9eab3-0f9f-42c1-912b-10f78bc63901;84a3bdc1-19a5-4778-9fee-52f2563fc255;Штабель;Pen
PG;240ef107-fad5-4fca-bad1-ae65ab388ac6;f0f58320-65d9-49e3-8f90-5cacf8ef554d;Плита;Plate
PH;3ae14a0a-3970-45ef-bd53-f278e217bf4f;e9f3ecc7-9dae-4e7d-a690-55d4268fdc21;Кувшин, большой;Pitcher
PI;7c585ad5-34f3-4975-a0aa-a78229e71808;ba5bfa03-f97e-45ab-b09b-ffdb5e4f83b6;Труба;Pipe
PJ;2bbef079-d872-469a-9a38-37101bba2e07;b176058f-eb49-42d3-8aa4-47669161aa61;Корзина из шпона для ягод и фруктов;Punnet
PK;eb23a947-4fd9-46e6-8a6f-f258433500e7;3b530c95-3bb0-4675-b081-cd56394558f1;Упаковка;Package
PL;165fd412-0bfa-4bb5-8993-bcfaa5d82e1b;f5e7511e-6448-4ff6-8430-779f4c4b3eb4;Ведро;Pail
PN;4d5772a0-9fa4-47ab-8c32-9a07729740ad;715b627a-bb3c-4178-896d-72b59367ae8a;Доска, толстая;Plank
PO;cd449f46-29f4-42af-8d36-046f0954ae63;a3d6d513-2f80-430c-8258-3cc63b987aab;Пакет (мешочек);Pouch
PP;6090531d-d038-4f6c-a8df-77ba92267ec4;71f854f1-5d73-47ae-bb16-d0779dbf2d81;Штука;Piece
PR;876203e4-1352-455a-8c97-92c3460acc3a;574f7075-f439-4b4b-ae46-960de49073cd;Сосуд, пластмассовый;Receptacle, plastic
PT;4a7ea673-c3ac-40b5-836f-cfdd066b8020;20200df8-afa0-4442-bcc3-3a2974ab03b7;Горшок;Pot
PU;3d72e4ec-f771-4c0d-a9b9-452dd7a08406;de9ec880-de49-4d6f-9d62-377f4b3e3b5e;Лоток;Tray
PV;f5144819-a94a-486d-91d7-eb38a074c6c1;edc7e494-26f6-4b5a-bc32-27779a7e5b80;Труба в пакете/пачке/связке;Pipes, in bundle/bunch/truss
PX;fedf615a-053c-11e1-99b4-d8d385fbc9e8;65d867fa-a9b9-40ae-94ca-df4ec95134ef;Поддон;Pallet
PY;4b2de153-2c3e-499e-91f8-a7ce1926157a;b7e8a823-312d-4050-8f6b-68772f9cc4b0;Плиты в пакете/пачке/связке;Plates, in bundle/bunch/truss
PZ;3dca7c38-3a10-4fb6-9c1f-0c64ab79d63b;10f09b3d-ce70-4084-83f3-1b2d7a7fa6c9;Доска толстая в пакете/пачке/связке;Planks, in bundle/bunch/truss
QA;c113fb0c-23eb-4ce5-ad44-8250598f173e;519d65e0-b6c1-4e6a-8da7-a48bf457e1da;Барабан стальной с несъемным днищем;Drum, steel, non — removable head
QB;1852b14d-39a0-4712-9e55-90a7005d5469;424c3b70-22f8-4dcd-913a-c19b49ce765f;Барабан стальной со съемным днищем;Drum, steel, removable head
QC;2e53354c-4023-434b-926f-bbdd1af00a37;a9b3e443-0bef-4eab-8787-06831c6178d9;Барабан алюминиевый с несъемным днищем;Drum, aluminium, non-removable head
QD;970e40fd-3436-48ed-ac99-e78802f57119;dd6ad151-3ccd-4d09-87de-056172f1038f;Барабан алюминиевый со съемным днищем;Drum, aluminium, removable head
QF;eec09740-2c4c-460b-94ed-c4d4ef437f1b;e4ebac83-3843-4bec-9277-1d4fe7f81afc;Барабан пластмассовый с несъемным днищем;Drum, plastic, non-removable head
QG;d565dd82-5fc1-4303-a55d-495c35ac22ec;a310509f-ca8a-4079-8319-c220f4758400;Барабан пластмассовый со съемным днищем;Drum, plastic, removable head
QH;021bc2d9-f514-4491-b21a-ffe63023236f;1472c588-6342-4b4c-983b-93cf3847f2e6;Бочка (емкостью около 164 л) деревянная шпунтованная;Barrel, wooden, bung type
QJ;3c78e2e1-d19a-40d3-b970-4fe6d2b722d0;0f2c027f-b007-4857-babf-06c9bf658346;Бочка (емкостью около 164 л) деревянная со съемным днищем;Barrel, wooden, removable head
QK;a2110164-70b4-49f6-afaa-f3abde1be0f1;f79b427d-b727-48c5-baa3-1fc6f23f371e;Канистра стальная с несъемным днищем;Jerrican, steel, non-removable head
QL;72896fbf-b156-4c7b-868d-ac13c5a85c7e;dd0c70d8-4aea-4a26-a476-5cb20fc79ad3;Канистра стальная со съемным днищем;Jerrican, steel, removable head
QM;4d9bd778-5ce4-411c-8d78-a1959ac55590;ff1553fa-d152-4c39-b5d8-3b39d3baca83;Канистра пластмассовая с несъемным днищем;Jerrican, plastic, non-removable head
QN;ba61904f-f946-448a-958b-518655d8f567;f3d81ca8-e7e0-4e26-8914-dbbfca60ce31;Канистра пластмассовая со съемным днищем;Jerrican, plastic, removable head
QP;ff3bfc50-0b9f-47cc-ada2-ac40a4a18cc0;9d4f8b72-52c5-4a30-b669-a3d4ce55c012;Коробка деревянная из естественной древесины обыкновенная;Box, wooden, natural wood, ordinary
QQ;fddc5698-8738-460f-b603-f49c7053b473;ac5d20b9-bd53-4910-9628-aeeef54b8a50;Коробка деревянная из естественной древесины с плотно пригнанными стенками;Box, wooden, natural wood, with sift proof walls
QR;50c21cb9-3e09-4cc7-a30f-c724d248e996;df871976-5cb4-403f-8fdd-786b9027578e;Коробка, пенопластовая;Box, plastic, expanded
QS;8b1ffe26-1485-477f-8d2d-8050397beab2;3a06f23a-83cc-49a3-b6d0-08efeef11d78;Коробка из твердой пластмассы;Box, plastic, solid
RD;81b74091-f9db-436f-b6a9-2438f3fbba32;9f66c8b8-01bc-43b2-8535-19be1fd17aae;Прут;Rod
RG;538f0705-e05d-4154-bfb5-0e63ab30122b;9b2feac0-1578-4847-88c0-36f59b5e3aba;Кольцо;Ring
RJ;28f26068-5294-4c8a-b409-c0a7ae10efd9;62e793a4-2647-4d8c-b99a-14b4b9fca6e0;Стойка, вешалка для одежды;Rack, clothing hanger
RK;2d3b2408-d028-42e1-bc72-941b7fa149b5;93def760-906b-48aa-8f48-d8777ccb11f9;Стойка;Rack
RL;4b3478b2-bd43-4fe1-85bd-77a457a1cd72;91a25b6d-fac1-4e9a-b7d7-f03466dd635a;Катушка;Reel
RO;f65e0788-1ba1-46f5-b677-d7590cc6c745;d050ab13-df54-4698-981d-d9fb1592d1be;Рулон (полосового материала);Roll
RT;5f3d0b50-196e-498d-8994-7dfd1d9661cc;168dca82-1219-43bf-8d61-8c38fd73f1a0;Сетка типа используемой для овощей или фруктов;Rednet
RZ;cfc437d8-9bfe-4d56-8d0e-4f35e5ae3af6;fb87f15e-6562-4d26-8a99-0a113c12d656;Прут в пакете/пачке/связке;Rods, in bundle/bunch/truss
SA;803b1dd4-ea8b-464e-9f7e-1bfa573c90bc;dbe8fa28-353c-4edf-a4e7-b41bc990491c;Мешок (куль);Sack
SB;000000f8-8e27-4cb0-9e34-6d99fd90d7df;cc98ec51-8934-4aa8-8aab-60e7a4d30d6e;Сляб;Slab
SC;668f1a9f-3b4c-496a-8c01-c6d1bd87d917;637c1f51-ee03-4060-8032-ed4425e05016;Ящик решетчатый (или обрешетка) мелкий;Crate, shallow
SD;dd7b8b5b-fcf3-46bf-9955-e2c5f9cc25f6;fe97049b-0b4a-488b-8978-81419af3bbb3;Шпиндель;Spindle
SE;022887ce-8f39-4b81-b26e-785f114c7ac7;b49cf3a7-caa6-4fb8-a010-75cef6a74479;Сундук, морской;Sea-chest
SH;cf45058e-1f10-42fa-ae97-b2afefac9489;e883758e-dae5-4b12-84f4-2c19b3fc939e;Пакетик;Sachet
SI;2f2ba5e2-c9ab-41af-83d8-592f65c01db4;b6ea4d40-1efb-4f48-8231-a13291e7b802;Стеллаж;Skid
SK;5bca0d26-c06d-4fbd-a75a-39b098f7a5d8;15f75128-2610-4f36-bea4-1a3a35927602;Ящик, каркасный;Case, skeleton
SL;e49e5e21-09f1-4194-b637-655959ce5510;03079d9c-6d15-4d99-84cd-8d299037c3b5;Лист, прокладной;Slipsheet
SM;d6831ad1-3dc9-48d0-8c92-402db32c4031;6ac44f22-a90f-4f06-b8cd-124a4849aa3a;Лист, металлический;Sheet metal
SO;969bfad0-be8f-43fe-84d8-32ebfe32d37d;26e921e9-114b-48cc-97e8-ca732a30ba00;Шпулька;Spool
SP;a2e60b9e-ee4d-47b5-956b-690bda852392;8184942f-71cd-4df8-8189-c72e7bf0c12f;Лист с пластмассовым покрытием;Sheet, plastic wrapping
SS;a4992438-8d0c-45b2-9ffd-669dff708417;c87e5652-0fc3-4fcc-99f3-8dd4c1c8186a;Ящик, стальной;Case, steel
ST;b9dec3d6-c0d8-4170-8b57-2f79042b9a8d;dce2ecf7-8fc6-4cbf-b36d-6bf8a7469a4f;Лист;Sheet
SU;8f4c7cbd-7d4a-48d6-873f-9f4a37bd576c;5544f6b8-4ade-44d2-a3e1-341fcace286b;Чемодан;Suitcase
SV;dddd429e-0376-4030-bb9e-2ad9cba0f3c4;16201743-1e09-4cc0-be29-e24380e527a1;Конверт, стальной;Envelope, steel
SW;b49dbb7b-56b9-48e3-9fd3-74a328dbcea3;841291b9-844e-421b-a729-5298417f92b8;В термоусадочной пленке;Shrink-wrapped
SX;b5cd2c76-152f-4d8f-a5c2-d196dd920426;7c25b7ed-4444-4417-9c6f-6d51e917e32e;Комплект;Set
SY;657fad4d-71a4-4939-90a4-3fb0c9aea7f7;4a89e444-c612-4dc2-a7e3-8e994313c714;Гильза;Sleeve
SZ;b883ff05-483d-4e82-be5f-c1b90d004d1c;6e8a3ec5-fd69-47e6-8593-32f8df0a63ea;Лист в пакете/пачке/связке;Sheets, in bundle/bunch/truss
T1;730968d5-30e1-4cc8-b413-d5997e8898a5;7c55f754-0bfe-404c-993e-8a8cd6c9be94;Таблетка;Tablet
TB;207dccd8-7a12-44c3-a77b-7dd945a7b0bd;c05fc063-a894-4383-968f-d4e15b6a65b3;Кадка;Tub
TC;59eac884-a3ee-4c87-86ef-2508d1328ee6;8f150a20-b162-4ce7-80a8-8726a4494bc8;Чайная коробка;Tea-chest
TD;6858e1ff-229f-43e0-9b3b-dd6ac0b41485;723901d0-3eff-4168-917c-5aa9df1b8994;Трубка или туба, складывающаяся;Tube, collapsible
TE;0bf57833-4b9d-4d99-96a3-53c7263e01e6;09e0f972-1692-407c-82c0-4abc524321e5;Шина;Tyre
TG;fedf5d9a-053c-11e1-99b4-d8d385fbc9e8;2b06b0b3-1f1c-48ef-8bcf-8fbed8e0caad;Цистерна контейнер универсальный;Tank container, generic
TI;37495e99-e19f-4221-97e8-39565c0192b8;2546fe09-f832-46ed-83c4-0046a23ffc8a;Бочка деревянная (емкостью около 200 л);Tierce
TK;a5e4fb2f-f40b-40ab-bd2d-f6ddabbd4460;0aadb4d7-aad6-4de9-9b45-24bc9a5978d5;Цистерна, прямоугольная;Tank, rectangular
TL;6046383e-9e59-40bc-a70b-a0538ef536ca;fccdc8f9-1033-474a-aa86-fb85aca7aeff;Кадка с крышкой;Tub, with lid
TN;fedf422e-053c-11e1-99b4-d8d385fbc9e8;d6d59931-aac1-45fe-a144-933b91d48fa3;Банка, жестяная (консервная);Tin
TO;f1d48fb7-8536-4b99-8668-bd6a55167306;75d3649e-cf4e-4b67-9c2d-b8c73f855e25;Бочка для вина или пива большая (емкостью около 1146 л) (тан);Tun
TR;bf12e4f9-56be-4b62-a0d6-22f01585db25;624acfa0-7f8f-469f-8e32-9b3f4f1655b9;Сундук, дорожный;Trunk
TS;07aa7b0e-2a80-45ba-b3bd-6060eef8376b;e2a1188e-4202-4c65-af89-ba870956b34c;Связка;Truss
TT;c8bc51d4-de57-44ee-9492-85360eada3a5;a571b1a2-acb9-4812-b9d2-a1ed41fe709c;Мешок;Bag, tote
TU;06eb9e3a-d6a8-49c3-809a-b4150b90e210;65e16bdb-3062-4225-af13-81543dc6b18a;Трубка или туба;Tube
TV;0c009153-57e0-4dfa-8e5f-ece82ae4dfef;8b0d41b8-c7e8-43b2-b170-3f04b3a19187;Трубка или туба с насадкой;Tube, with nozzle
TW;fedf56f6-053c-11e1-99b4-d8d385fbc9e8;60f00efb-fca8-4398-9ea2-17fc1249d7e0;Поддон;Pallet, triwall
TY;6fd54b8c-d35a-4655-b2f2-2491429b0931;35bf0419-8235-465c-b037-826635f7c89f;Цистерна, цилиндрическая;Tank, cylindrical
TZ;54d1cc31-f51c-4e2a-9230-009c57aaa517;abc2ff02-2b9d-4f62-8de5-1bb63af4d62e;Трубка или туба в пакете/пачке/связке;Tubes, in bundle/bunch/truss
UC;ae0b5e58-8771-48f7-8c3c-11dfdb17ebad;91f15d01-88f0-47e5-98cc-2e1679bdd212;Без клети;Uncaged
UN;5e5f4afb-d5f8-483a-999e-cb985af7580b;72276339-fc12-473d-ba5a-002983cf5252;Единица;Unit
VA;93bdc740-0f32-4019-a3fd-ed661f2bc3b9;d6748031-00cc-41e5-a5ae-351e1e1a811e;Бак;Vat
VG;a521f8b3-eeeb-4027-941c-45928d0ecb16;600bb7b8-bc57-4a1e-a0b1-76e9c2d44d22;Наливом газ (при 1031 мБар и 15°C);Bulk, gas (at 1 031 mbar and 15° C)
VI;a283d481-0a41-4d0a-9c38-e386caac0d70;b0e2f762-3188-4be6-9a99-69c3d6a49357;Флакон;Vial
VK;d90e17f4-8bed-46be-a1d1-9bb7f0f4d736;2b120941-8c11-4bde-a669-4b69bec21abc;Консоль для оборудования, помещающаяся в минифургон;Vanpack
VL;22f90a6e-6872-4bd5-a143-063761da6e1a;47047e04-9713-46bd-8c3f-d52d1e54671b;Наливом жидкость;Bulk, liquid
VO;df053993-cf00-43c9-97ea-4c2fa0d07f96;b4c8888f-b161-47ba-b15b-04e5a650380f;Насыпью твердые крупные частицы (мелкие куски);Bulk, solid, large particles (nodules)
VP;04735711-516d-4331-92c6-b55e5f8e3710;09252cbd-7d8f-444c-9138-10f0caac2621;В вакуумной упаковке;Vacuum-packed
VQ;791bd3df-24eb-466f-b575-57d9dd1f95b7;62d158de-58bc-473c-bf04-0bff6f8d6919;Наливом газ сжиженный (при температуре/давлении, отличающихся от нормальных);Bulk, liquefied gas (at abnormal temperature/pressure)
VR;f8ca4252-9ca3-45bd-9a95-8b6a5b538208;b4a721e5-7e83-4202-8342-d37e5d44a877;Насыпью твердые гранулированные частицы (гранулы);Bulk, solid, granular particles (grains)
VS;3050ca0a-7e39-4cd4-a762-253b981bad21;cb37ff07-22e2-4fe2-b12e-d30267903486;Навалом металлолом;Bulk, scrap metal
VY;efb4b760-611d-4f20-80a8-273c315f4db0;d67feae4-0a3d-41ba-a719-9c5477efb2b1;Насыпью твердые мелкие частицы (порошки);Bulk, solid, fine particles (powders)
WA;fedf606a-053c-11e1-99b4-d8d385fbc9e8;8ca28fd5-a0b7-4b6c-b2a8-84cfdda442d4;Контейнер средней грузоподъемности для массовых грузов;Intermediate bulk container
WB;a23634f3-9e71-4c80-abc5-e4c77ac70c88;57002b4a-1af0-40a0-81fd-1a94e79764b6;Бутылка оплетенная;Wicker bottle
WC;a14e9f47-e745-4fb5-861e-642b8da576d9;ac06b1b2-02e3-49ae-9950-634a83b27623;Контейнер средней грузоподъемности для массовых грузов стальной;Intermediate bulk container, steel
WD;b86afba4-7492-4910-b266-6ab67235095c;be2ad8ab-3f32-47f0-92e9-001c61462ad5;Контейнер средней грузоподъемности для массовых грузов алюминиевый;Intermediate bulk container, aluminium
WF;769f3e00-3bc6-4b59-b201-8972cd649ccc;fee11ffd-c372-4bc7-8bde-ff0a5b15280f;Контейнер средней грузоподъемности для массовых грузов металлический;Intermediate bulk container, metal
WG;3a762c62-7b9e-4ccc-95e7-50fed26da877;8b7bdbd6-8d89-43bf-8c48-8fc1718e40b0;Контейнер средней грузоподъемности для массовых грузов герметизированный свыше 10 КПа;Intermediate bulk container, steel, pressurised > 10 kpa
WH;6505c314-3e58-496e-becc-9ee71c08eacc;98fce7c0-4bab-4366-9b6d-7066512e945d;Контейнер средней грузоподъемности для массовых грузов алюминиевый герметизированный свыше 10 КПа;Intermediate bulk container, aluminium, pressurised > 10 kpa
WJ;800fc586-864c-4c29-ae15-d0d405e5d82a;f58f9a0f-26df-412d-9f59-864a83e84a65;Контейнер средней грузоподъемности для массовых грузов герметизированный 10 Кпа;Intermediate bulk container, metal, pressure 10 kpa
WK;517d28bb-afa9-4a66-87e7-b707121a70fb;6eeb7e9c-9a44-4491-8436-4eb67945b4cb;Контейнер средней грузоподъемности для наливных грузов стальной;Intermediate bulk container, steel, liquid
WL;a41e2a9a-d9f8-43f7-8781-15da3e5713d8;149911ee-5bfb-4554-b7c0-d702a93e25d1;Контейнер средней грузоподъемности для наливных грузов алюминиевый;Intermediate bulk container, aluminium, liquid
WM;ceb9b05c-6a68-4663-ae9a-72c1f38e1ef8;fc606663-8cda-4b12-80be-1be7940c8762;Контейнер средней грузоподъемности для наливных грузов металлический;Intermediate bulk container, metal, liquid
WN;9c415e68-6f34-4e5c-81c2-696e994a77cc;4d18320f-a0ff-4245-8846-de147e9240ee;Контейнер средней грузоподъемности для массовых грузов из полимерной ткани без покрытия/вкладыша;Intermediate bulk container, woven plastic, without coat/liner
WP;3d3bf9e3-12bb-4f0c-82ab-c79df71fcfdf;f1f308ed-a779-4763-8cfb-cf2e4e0a089e;Контейнер средней грузоподъемности для массовых грузов из полимерной ткани с покрытием;Intermediate bulk container, woven plastic, coated
WQ;fed6b6cb-60b7-4df5-b81e-37b7a2b2a24e;6e0fea7e-b905-4af2-b600-4b2c3c62c721;Контейнер средней грузоподъемности для массовых грузов из полимерной ткани с вкладышем;Intermediate bulk container, woven plastic, with liner
WR;c159513f-dcf5-4402-ab16-8a1970e7b9d4;b4d0f13e-7810-421e-94ea-45bed459308c;Контейнер средней грузоподъемности для массовых грузов из пластикового волокна с покрытием и вкладышем;Intermediate bulk container, woven plastic, coated and liner
WS;92765566-620c-4877-a58f-4107c3c6d468;de837f74-8090-47fa-8801-2e7ca014c203;Контейнер средней грузоподъемности для массовых грузов из полимерной пленки;Intermediate bulk container, plastic film
WT;cb247727-4eaf-49dd-85cf-6e2dd7f2a3ab;4dcd6513-d10a-46de-91fa-3b36f49a49ae;Контейнер средней грузоподъемности для массовых грузов текстильный без покрытия/вкладыша;Intermediate bulk container, textile without coat/liner
WU;c5f0a52e-2496-45f0-9c5d-0cca7c1643a1;64a452ae-05eb-4570-b326-f7d15d7a1e0a;Контейнер средней грузоподъемности для массовых грузов из естественной древесины с внутренним вкладышем;Intermediate bulk container, natural wood, with inner liner
WV;111583f5-39e6-4b45-a941-b67d41ef4cae;d3991856-2828-45a7-9a20-a11f645759d7;Контейнер средней грузоподъемности для массовых грузов текстильный с покрытием;Intermediate bulk container, textile, coated
WW;5c416509-50d7-464b-9455-9439604c2479;2f7e8d93-6cec-4956-be7f-94bb1573ff5b;Контейнер средней грузоподъемности для массовых грузов текстильный с вкладышем;Intermediate bulk container, textile, with liner
WX;0d51ebba-b636-4a01-9a3a-e1f10fcc73df;33b7ab01-444e-401e-bcbf-db337b6ec78b;Контейнер средней грузоподъемности для массовых грузов текстильный с покрытием и вкладышем;Intermediate bulk container, textile, coated and liner
WY;8015c596-6a81-40bc-bfca-f5961327bca4;e40819a3-0ae6-490c-8d35-3681ecac0bf7;Контейнер средней грузоподъемности для массовых грузов фанерный с внутренним вкладышем;Intermediate bulk container, plywood, with inner liner
WZ;828064d7-80be-4ba4-a13c-7a17476e763e;d3b6101b-563b-48e3-9aae-6afbca2bd1c0;Контейнер средней грузоподъемности для массовых грузов из древесного материала с внутренним вкладышем;Intermediate bulk container, reconstituted wood, with inner liner
XA;c088e3b0-4d1f-4079-8ce3-eca7486da24f;b215f296-f02c-4062-ba67-fc707b3c39d9;Мешок из полимерной ткани без внутреннего покрытия/вкладыша;Bag, woven plastic, without inner coat/liner
XB;c311b4f0-1f83-47ff-b5eb-085aa296a443;d6abde28-107f-4209-a67e-2bdc2e154a2a;Мешок из полимерной ткани, плотный;Bag, woven plastic, sift proof
XC;8d2b467f-d19a-49ad-9d4d-9769fc8adb68;37b98649-1d08-465b-af5e-0cef288f8596;Мешок из полимерной ткани влагонепроницаемый;Bag, woven plastic, water resistant
XD;5080bd27-e2b5-4c27-9cb0-7004109f362f;45a7865a-c038-4b94-824a-4ee506a5922c;Мешок из полимерной пленки;Bag, plastics film
XF;e50c3c66-a104-46d2-bf1c-b1fb6f649698;f16d5d12-83a3-4495-a764-1b42e99b61fd;Мешок текстильный без внутреннего покрытия/вкладыша;Bag, textile, without inner coat/liner
XG;c97033bd-2cf6-4029-a570-0a59b238e68b;1e659d6e-3416-4364-88ba-89ac7a0d1a03;Мешок текстильный плотный;Bag, textile, sift proof
XH;84b62344-fe4f-4585-bdf2-efb3bc68d982;bf4523b2-d7a9-444f-ac34-76555808dfd0;Мешок текстильный влагонепроницаемый;Bag, textile, water resistant
XJ;fedf4422-053c-11e1-99b4-d8d385fbc9e8;e4a94980-15d5-4251-9f01-477a628e954a;Мешок бумажный многослойный;Bag, paper, multi-wall
XK;9f15aaba-d9e1-43ea-8cc7-0f0a29ed7be8;ee46fec9-d11b-441c-9d2d-f7f685c03818;Мешок бумажный многослойный влагонепроницаемый;Bag, paper, multi-wall, water resistant
YA;6b8efc02-9611-451c-b215-503bc29301cd;e44a943e-ca15-4cf3-9710-6d7ae49b241c;Комбинированная упаковка: пластмассовый сосуд в барабане стальном;Composite packaging, plastic receptacle in steel drum
YB;43c6ad00-832f-42c6-8e2a-fe2273814b66;ae7cb033-e5a0-46c3-8173-c12f1e868e24;Комбинированная упаковка: пластмассовый сосуд в ящике решетчатом (или обрешетке) из стали;Composite packaging, plastic receptacle in steel crate box
YC;858efe47-f7d6-4f6e-9408-79b8e3d9ae83;162e3d68-da22-462e-a66f-40d825e8e35d;Комбинированная упаковка: пластмассовый сосуд в барабане алюминиевом;Composite packaging, plastic receptacle in aluminium drum
YD;95307257-321c-4dd1-9a30-e30cbcffcfb1;7eaec820-b340-4ff5-86b0-febaf8006db1;Комбинированная упаковка: пластмассовый сосуд в ящике решетчатом (или обрешетке) из алюминия;Composite packaging, plastic receptacle in aluminium crate
YF;05e4976b-9504-44ac-8645-06bf6a24ad59;2e8abf12-6444-4d4d-b85a-92f6d546fb9f;Комбинированная упаковка: пластмассовый сосуд в деревянной коробке;Composite packaging, plastic receptacle in wooden box
YH;ab579955-759f-4de1-b8b9-460ad80facfb;ff2bf99c-3f33-4405-8672-60bfea345eef;Комбинированная упаковка: пластмассовый сосуд в коробке фанерной;Composite packaging, plastic receptacle in plywood box
YJ;21246938-dd6f-49aa-8e2a-d1cb13b0be17;268f0297-d439-4d5f-a908-2289b28dc0cf;Комбинированная упаковка: пластмассовый сосуд в барабане фибровом;Composite packaging, plastic receptacle in fibre drum
YK;eb55f088-06cc-4bab-9f84-49f2f999f428;03b6d676-7540-4451-b2c2-3e2fb72a2862;Комбинированная упаковка: пластмассовый сосуд в коробке из фибрового картона;Composite packaging, plastic receptacle in fibreboard box
YL;b95eb3b6-d08a-441e-9a3a-6d3f9501cc99;d6dff8ee-2128-4953-8a5b-655de46a920b;Комбинированная упаковка: пластмассовый сосуд в барабане пластмассовом;Composite packaging, plastic receptacle in plastic drum
YM;5e8755cb-a874-499d-bb4d-34e465df0978;57a29f62-1c63-4f53-bddd-1c8d526d2e06;Комбинированная упаковка: пластмассовый сосуд в коробке из твердой пластмассы;Composite packaging, plastic receptacle in solid plastic box
YN;57eeeadf-7c4b-4614-9731-6e47d4b273a9;2377c4b2-9949-420e-8363-8455abe22da7;Комбинированная упаковка: стеклянный сосуд в стальном барабане;Composite packaging, glass receptacle in steel drum
YP;5893d315-48c8-49f7-9dc4-2dde43e090b9;bb00a68c-3a93-4e84-bca2-d69d6ddb1b12;Комбинированная упаковка: стеклянный сосуд в ящике решетчатом (или обрешетке) из стали;Composite packaging, glass receptacle in steel crate box
YQ;2e460cc7-7c38-4bf4-aa19-7768cb14d234;696b556b-fd32-4b05-83e8-1730c64ff476;Комбинированная упаковка: стеклянный сосуд в барабане алюминиевом;Composite packaging, glass receptacle in aluminium drum
YR;6355c3ee-6d1c-4bc5-a6ff-2a808274f222;556bd077-2443-45cd-bacf-d67ab1969864;Комбинированная упаковка: стеклянный сосуд в ящике решетчатом (или обрешетке) из алюминия;Composite packaging, glass receptacle in aluminium crate
YS;4195a944-7c45-44e9-9cf9-d366386ad86e;9ef685c4-2901-4400-8c62-8b6d811d015b;Комбинированная упаковка: стеклянный сосуд в коробке деревянной;Composite packaging, glass receptacle in wooden box
YT;fa1d17e8-e12d-4544-9461-db80f49cfe4b;2d0b13ac-f110-457e-880b-d74898e3cc52;Комбинированная упаковка: стеклянный сосуд в барабане фанерном;Composite packaging, glass receptacle in plywood drum
YV;32936c38-e9fa-439b-8108-5b7e3c482f6c;a8a2fb28-c4eb-48d9-b752-bd21d41004e5;Комбинированная упаковка: стеклянный сосуд в корзине плетеной с крышкой;Composite packaging, glass receptacle in wickerwork hamper
YW;40c8a0db-74c9-4190-9449-6f3f8ac2eaa7;fd4f0952-281d-4128-988c-cc180002627b;Комбинированная упаковка: стеклянный сосуд в барабане фибровом;Composite packaging, glass receptacle in fibre drum
YX;eabbfb7f-b3ea-4858-981a-201a18be8a0a;0984f9df-c2e2-4a8b-a89e-bbe5de256287;Комбинированная упаковка: стеклянный сосуд в коробке из фибрового картона;Composite packaging, glass receptacle in fibreboard box
YY;ce9f36bf-2f90-424c-b34f-e8715dd15e02;29414686-c50c-4a77-9e5c-42477548b8fa;Комбинированная упаковка: стеклянный сосуд в пакете пенопластовом;Composite packaging, glass receptacle in expandable plastic pack
YZ;5a349e4c-ce4c-485e-81db-beec4aa09fa4;11ee1e03-0553-4017-b936-59b80de341ea;Комбинированная упаковка: стеклянный сосуд в пакете из твердой пластмассы;Composite packaging, glass receptacle in solid plastic pack
ZA;caeda84d-f591-4ca8-888f-2b0857d6d66a;f75e07be-5795-48ad-98f6-fdf7a462d2d1;Контейнер средней грузоподъемности для массовых грузов бумажный многослойный;Intermediate bulk container, paper, multi-wall
ZB;8bb62b02-1b8b-4d1e-8886-93c9484fa5c2;78963fbe-1028-4441-a68b-74ff7f7e7ca5;Мешок, большой;Bag, large
ZC;566c12fc-5fc1-4189-8fc4-f4ff072c4897;928a9898-5f19-49bb-a6c0-17fa10bf4e37;Контейнер средней грузоподъемности для массовых грузов бумажный многослойный влагонепроницаемый;Intermediate bulk container, paper, multi-wall, water resistant
ZD;c979e057-03e8-4dda-8fcd-3dba27e4dfc5;3f65a1f9-3477-43ba-a674-a315e36a9658;Контейнер средней грузоподъемности для твердых навалочных/насыпных грузов из жесткой пластмассы с конструкционным оснащением;Intermediate bulk container, rigid plastic, with structural equipment, solids
ZF;690e086c-89b8-4c17-8838-4478d4c2e4eb;5ff12f10-bf65-48a5-9d52-89392cf97f69;Контейнер средней грузоподъемности для твердых навалочных/насыпных грузов из жесткой пластмассы автономный;Intermediate bulk container, rigid plastic, freestanding, solids
ZG;2b58bc8f-b007-4ef4-808b-a4eedc9df54c;15efd241-05f9-40e3-958a-94d15dc41e5d;Контейнер средней грузоподъемности для массовых грузов из жесткой пластмассы с конструкционным оснащением герметизированный;Intermediate bulk container, rigid plastic, with structural equipment, pressurised
ZH;e729238b-88ff-4991-a67e-8ec66cded23c;42735a40-1c9b-429a-8f32-b8fe483c716a;Контейнер средней грузоподъемности для массовых грузов из жесткой пластмассы автономный герметизированный;Intermediate bulk container, rigid plastic, freestanding, pressurised
ZJ;5389a88d-8a7d-4fc6-9758-4205df09bd30;6b05433f-8e53-42ad-9b85-23fb5aab82ba;Контейнер средней грузоподъемности для наливных грузов из жесткой пластмассы с конструкционным оснащением;Intermediate bulk container, rigid plastic, with structural equipment, liquids
ZK;4dfaab91-aacd-4a1b-a052-f40f873e6a46;4b1fbb1f-0a41-4cd5-915c-ceb602786f1a;Контейнер средней грузоподъемности для наливных грузов из жесткой пластмассы автономный;Intermediate bulk container, rigid plastic, freestanding, liquids
ZL;3850fb20-746c-4001-827c-5825630f7ce7;fd33ba62-fd67-4513-831f-27a187ebfbb4;Контейнер средней грузоподъемности для твердых навалочных/насыпных грузов составной из жесткой пластмассы;Intermediate bulk container, composite, rigid plastic, solids
ZM;9eba63f1-0e89-47a1-b75a-8c0cb099af3d;df6aa711-44ed-4c88-bb53-19369eb0836a;Контейнер средней грузоподъемности для твердых навалочных/насыпных грузов составной из гибкой пластмассы;Intermediate bulk container, composite, flexible plastic, solids
ZN;fee9277d-adb9-4af6-aae9-3117412de104;488796c9-d954-487f-863f-9580ef84ed9b;Контейнер средней грузоподъемности для массовых грузов составной из жесткой пластмассы герметизированный;Intermediate bulk container, composite, rigid plastic, pressurised
ZP;a3ee4967-a24f-4815-8f07-9d49ffe1de53;1866a193-ba12-4c8c-ae5a-26e34764db3a;Контейнер средней грузоподъемности для массовых грузов составной из гибкой пластмассы герметизированный;Intermediate bulk container, composite, flexible plastic, pressurised
ZQ;f9c0a4b5-0576-4aeb-9822-0a85f59b4c7f;345a0dc2-52cd-4d17-bbd7-208e54c3f546;Контейнер средней грузоподъемности для наливных грузов составной из жесткой пластмассы;Intermediate bulk container, composite, rigid plastic, liquids
ZR;dd97947e-4e78-41df-a4ef-1f34346db79e;3bd69571-ebe3-4067-abc8-88d4cd798885;Контейнер средней грузоподъемности для наливных грузов составной из гибкой пластмассы;Intermediate bulk container, composite, flexible plastic, liquids
ZS;fab06db6-977d-48df-8822-fb5ef954434c;cae0f975-4c9c-4d84-b60b-3cbfc8907743;Контейнер средней грузоподъемности для массовых грузов составной;Intermediate bulk container, composite
ZT;5a86d172-8b82-4992-b88c-8b1f80765ff5;41200c2a-cfa9-4231-bb84-0bb7c2dfd6f3;Контейнер средней грузоподъемности для массовых грузов из фибрового картона;Intermediate bulk container, fibreboard
ZU;1061b465-9f46-48ba-8939-e4e14afd6270;321041ef-8368-4840-a1a4-d980c291341a;Контейнер средней грузоподъемности для массовых грузов гибкий;Intermediate bulk container, flexible
ZV;778afe34-03a9-4255-89ce-78229c9d233c;2bf1bf74-fd5e-4bff-a2f1-c0206f4daca0;Контейнер средней грузоподъемности для массовых грузов из прочего металла, кроме стали;Intermediate bulk container, metal, other than steel
ZW;057ea6ec-aab1-4e2c-be58-f976fd3bbb37;0bc6bfa5-bb67-418b-a3f1-35f1c940d323;Контейнер средней грузоподъемности для массовых грузов из естественной древесины;Intermediate bulk container, natural wood
ZX;6bc17666-63d7-49fd-9a82-fd98ff408dff;44966f37-fc2b-4331-a34f-841b3bb92ecc;Контейнер средней грузоподъемности для массовых грузов фанерный;Intermediate bulk container, plywood
ZY;e143c99a-f5c3-4e66-a50b-52a5cabc6325;54be0f7a-47d8-4f56-8e05-064ae9098d28;Контейнер средней грузоподъемности для массовых грузов из древесного материала;Intermediate bulk container, reconstituted wood
ZZ;a8e05c09-1c89-46a8-8362-b2388f820fdb;4d0d987a-9796-42f5-89b9-47b787e18a60;По взаимному определению;Mutually defined
